method,k,silhouette,calinski_harabasz,davies_bouldin,inertia
kmeans,5,0.20499418028046182,275.7126547291428,1.5918880044313233,4432.483339219733
